{
    "start": {
        "next_state": [
            {
                "type": "button",
                "back_sound": "",
                "text": "Begin",
                "next_state": "intro",
                "input": "Y"
            }
        ]
    },
    "intro": {
        "back_sound": "/sounds/bkground.mp3",
        "text": "<h1>Wind billows from the tracheal caverns to the East. Rot rides it, and the stench of blood fills your nostrils.\nThe assault on your senses pulls you out of slumber. Your neurons flood with epinephrine. Panic.\nYou are not supposed to be here. This place is for the heretics, the doomsayers, the criminals and degenerates.\nYou must escape. Escape, before all is drowned in welcome silence.\nEscape, before your life is locked and failing within a...\n\n</h1>",
        "ascii-art": " ▄████▄   ▒█████   ██▀███   ██▓███    ██████ ▓█████ \n▒██▀ ▀█  ▒██▒  ██▒▓██ ▒ ██▒▓██░  ██▒▒██    ▒ ▓█   ▀ \n▒▓█    ▄ ▒██░  ██▒▓██ ░▄█ ▒▓██░ ██▓▒░ ▓██▄   ▒███   \n▒▓▓▄ ▄██▒▒██   ██░▒██▀▀█▄  ▒██▄█▓▒ ▒  ▒   ██▒▒▓█  ▄ \n▒ ▓███▀ ░░ ████▓▒░░██▓ ▒██▒▒██▒ ░  ░▒██████▒▒░▒████▒\n░ ░▒ ▒  ░░ ▒░▒░▒░ ░ ▒▓ ░▒▓░▒▓▒░ ░  ░▒ ▒▓▒ ▒ ░░░ ▒░ ░\n  ░  ▒     ░ ▒ ▒░   ░▒ ░ ▒░░▒ ░     ░ ░▒  ░ ░ ░ ░  ░\n░        ░ ░ ░ ▒    ░░   ░ ░░       ░  ░  ░     ░   \n░ ░          ░ ░     ░                    ░     ░  ░\n░                                                   \n ▄████▄   ██░ ██  ▄▄▄        ██████  ███▄ ▄███▓     \n▒██▀ ▀█  ▓██░ ██▒▒████▄    ▒██    ▒ ▓██▒▀█▀ ██▒     \n▒▓█    ▄ ▒██▀▀██░▒██  ▀█▄  ░ ▓██▄   ▓██    ▓██░     \n▒▓▓▄ ▄██▒░▓█ ░██ ░██▄▄▄▄██   ▒   ██▒▒██    ▒██      \n▒ ▓███▀ ░░▓█▒░██▓ ▓█   ▓██▒▒██████▒▒▒██▒   ░██▒     \n░ ░▒ ▒  ░ ▒ ░░▒░▒ ▒▒   ▓▒█░▒ ▒▓▒ ▒ ░░ ▒░   ░  ░     \n  ░  ▒    ▒ ░▒░ ░  ▒   ▒▒ ░░ ░▒  ░ ░░  ░      ░     \n░         ░  ░░ ░  ░   ▒   ░  ░  ░  ░      ░        \n░ ░       ░  ░  ░      ░  ░      ░         ░        \n░                                                  \n",
        "next_state": [
            {
                "type": "button",
                "text": "Get Up",
                "next_state": "gstart",
                "input": "Y"
            }
        ]
    },
    "gstart": {
        "text": "Your name is Kargunt. You awaken from a deep, drugged slumber within a horribly humid, oozing cavern.\nThe walls are the texture of tanning leather, the ground squelches beneath your feet.\nBioluminescence brightens the chamber, flooding from tranluscent webbing in the ceiling.",
        "next_state": [
            {
                "type": "button",
                "text": "Search  for weapon",
                "next_state": "GetWeap",
                "input": "Y"
            },
            {
                "text": "Accept your fate",
                "next_state": "GiveUp",
                "input": "X"
            }
        ]
    },
    "GetWeap": {
        "text": "Instinct compels you to search for a weapon.\nLodged within the wall of the cavern lies a shard of osseous matter.\nYou grip the bone and wrench it free, blood oozing from the hole you've left in its place.",
        "next_state": [
            {
                "text": "Look around",
                "next_state": "Advance",
                "input": "Y"
            }
        ]
    },
    "GiveUp": {
        "text": "If someone went through all the effort to drug and drag you down here, then surely you must have done something to deserve it.\nYou close your eyes and quietly accept your fate.\nWarmth surrounds you, your flesh becoming one with the chasm.\nYou have been consumed.",
        "sound": "/sounds/gameover.mp3",
        "back_sound": "/sounds/silence.mp3",
        "ascii-art": "\n\n ▄████  ▄▄▄       ███▄ ▄███▓▓█████     ▒█████   ██▒   █▓▓█████  ██▀███  \n ██▒ ▀█▒▒████▄    ▓██▒▀█▀ ██▒▓█   ▀    ▒██▒  ██▒▓██░   █▒▓█   ▀ ▓██ ▒ ██▒\n▒██░▄▄▄░▒██  ▀█▄  ▓██    ▓██░▒███      ▒██░  ██▒ ▓██  █▒░▒███   ▓██ ░▄█ ▒\n░▓█  ██▓░██▄▄▄▄██ ▒██    ▒██ ▒▓█  ▄    ▒██   ██░  ▒██ █░░▒▓█  ▄ ▒██▀▀█▄  \n░▒▓███▀▒ ▓█   ▓██▒▒██▒   ░██▒░▒████▒   ░ ████▓▒░   ▒▀█░  ░▒████▒░██▓ ▒██▒\n░▒   ▒  ▒▒   ▓▒█░░ ▒░   ░  ░░░ ▒░ ░   ░ ▒░▒░▒░    ░ ▐░  ░░ ▒░ ░░ ▒▓ ░▒▓░\n░   ░   ▒   ▒▒ ░░  ░      ░ ░ ░  ░     ░ ▒ ▒░    ░ ░░   ░ ░  ░  ░▒ ░ ▒░\n░ ░   ░   ░   ▒   ░      ░      ░      ░ ░ ░ ▒       ░░     ░     ░░   ░ \n       ░       ░  ░       ░      ░  ░       ░ ░        ░     ░  ░   ░     \n                                                     ░                   \n",
        "next_state": [
            {
                "text": "Play Again",
                "next_state": "start",
                "input": "Y"
            }
        ]
    },
    "Advance": {
        "text": "You survey the fleshy chamber. There are three passageways.\nA narrow crawlspace ahead of you, a wide but dark opening to your left, \nand an illuminated, windy corridor to the right.\nWhich passage sings to you?",
        "next_state": [
            {
                "type": "button",
                "text": "Ahead",
                "next_state": "GenerateRoom",
                "input": "N"
            },
            {
                "text": "Left",
                "next_state": "GenerateRoom",
                "input": "E"
            },
            {
                "text": "Right",
                "next_state": "GenerateRoom",
                "input": "W"
            }
        ]
    },
    "GenerateRoom": {
        "text": "You enter ",
        "next_state": {
            "type": "button",
            "text": "Proceed",
            "next_state": "HandleEvent",
            "input": "Y"
        }
    },
    "EndGame":
    {
        "back_sound": "/sounds/endgame.mp3",
        "text": "With the Corpse Basilisk slain, the Corpse Chasm has deemed you more trouble than you are worth.\nIts flesh parts before you, revealing a path to glorious daylight.",
        "next_state": {
            "type": "button",
            "text": "Exit the Corpse Chasm",
            "next_state": "EndGame2",
            "input": "Y"
        }
    },
    "EndGame2":
    {
        "text": "You exit the Corpse Chasm, emerging onto the back of the ginormous creature.\nIts torso stretches for miles, snakelike and many-legged.\nAs you gaze off in the direction of its head, you find the world's worst fear realized.\n\nIt has found Heaven.\n\nThe Corpse Chasm's head reaches into the clouds, where it has begun to feast.\nThe blood of Angels oozes from the Holy Realm, dripping from the beast's cavernous maw.\n\n",
        "ascii-art": "▓██   ██▓ ▒█████   █    ██    ▓█████   ██████  ▄████▄   ▄▄▄       ██▓███  ▓█████ ▓█████▄ \n ▒██  ██▒▒██▒  ██▒ ██  ▓██▒   ▓█   ▀ ▒██    ▒ ▒██▀ ▀█  ▒████▄    ▓██░  ██▒▓█   ▀ ▒██▀ ██▌\n  ▒██ ██░▒██░  ██▒▓██  ▒██░   ▒███   ░ ▓██▄   ▒▓█    ▄ ▒██  ▀█▄  ▓██░ ██▓▒▒███   ░██   █▌\n  ░ ▐██▓░▒██   ██░▓▓█  ░██░   ▒▓█  ▄   ▒   ██▒▒▓▓▄ ▄██▒░██▄▄▄▄██ ▒██▄█▓▒ ▒▒▓█  ▄ ░▓█▄   ▌\n  ░ ██▒▓░░ ████▓▒░▒▒█████▓    ░▒████▒▒██████▒▒▒ ▓███▀ ░ ▓█   ▓██▒▒██▒ ░  ░░▒████▒░▒████▓ \n   ██▒▒▒ ░ ▒░▒░▒░ ░▒▓▒ ▒ ▒    ░░ ▒░ ░▒ ▒▓▒ ▒ ░░ ░▒ ▒  ░ ▒▒   ▓▒█░▒▓▒░ ░  ░░░ ▒░ ░ ▒▒▓  ▒ \n ▓██ ░▒░   ░ ▒ ▒░ ░░▒░ ░ ░     ░ ░  ░░ ░▒  ░ ░  ░  ▒     ▒   ▒▒ ░░▒ ░      ░ ░  ░ ░ ▒  ▒ \n ▒ ▒ ░░  ░ ░ ░ ▒   ░░░ ░ ░       ░   ░  ░  ░  ░          ░   ▒   ░░          ░    ░ ░  ░ \n ░ ░         ░ ░     ░           ░  ░      ░  ░ ░            ░  ░            ░  ░   ░    \n ░ ░                                          ░                                   ░      ",
        "next_state": {
            "type": "button",
            "text": "Play Again",
            "next_state": "start",
            "input": "Y"
        }
    },
    "HandleEvent": {
        "text": "",
        "next_state": [
            {
                "type": "button",
                "text": "Proceed",
                "next_state": "StartCombat",
                "input": "Y"
            }
        ]
    },
    "doomsayer": {
        "text": "",
        "next_state": [
            {
                "type": "button",
                "text": "Attempt the riddle",
                "next_state": "riddleCheck",
                "input": "Y"
            },
            {
                "type": "button",
                "text": "Leave",
                "next_state": "Advance",
                "input": "Y"
            }
        ]
    },
    "shop": {
        "back_sound": "/sounds/shop.mp3",
        "text": "The Carrion Merchant spreads its wares in front of you. There is a selection of yellow-tinged vials, sinew-woven ropes,\narmor carved of hardened flesh, a rusty sword, a bloodied Corpse Crusher, and a pristine Zweihander.",
        "next_state": [
            {
                "type": "button",
                "text": "Potion (Recover 5 HP) | 5s",
                "next_state": "buyPotion"
            },
            {
                "text": "Rope (Succeed Trap Rolls) | 2s",
                "next_state": "buyRope"
            },
            {
                "text": "Fleshmail (-D4) | 20s",
                "next_state": "buyArmor"
            },
            {
                "text": "Rust-Serrated Longsword (D4+2) | 12s",
                "next_state": "buySword"
            },
            {
                "text": "Líkkrossari (D6+2) | 27s",
                "next_state": "buyMace"
            },
            {
                "text": "Mighty Zweihander (D6+4) | 40s",
                "next_state": "buyZwei"
            },
            {
                "text": "Leave",
                "next_state": "postCombatAdvance"
            }
        ]
    },
    "shopNoMusic": {
        "text": "The Carrion Merchant spreads its wares in front of you. There is a selection of yellow-tinged vials, sinew-woven ropes,\narmor carved of hardened flesh, a rusty sword, a bloodied Corpse Crusher, and a pristine Zweihander.",
        "next_state": [
            {
                "type": "button",
                "text": "Potion (heal D6) | 5s",
                "next_state": "buyPotion"
            },
            {
                "text": "Rope (+1 Trap Roll) | 2s",
                "next_state": "buyRope"
            },
            {
                "text": "Fleshmail (-D4) | 20s",
                "next_state": "buyArmor"
            },
            {
                "text": "Rust-Serrated Longsword (D6) | 12s",
                "next_state": "buySword"
            },
            {
                "text": "Líkkrossari (D6+1) | 27s",
                "next_state": "buyMace"
            },
            {
                "text": "Mighty Zweihander (D6+2) | 40s",
                "next_state": "buyZwei"
            },
            {
                "text": "Leave",
                "next_state": "postCombatAdvance"
            }
        ]
    },
    "buyPotion": {
        "text": "You pick up a gleaming yellow vial of amniotic fluid.",
        "next_state": [
            {
                "type": "button",
                "text": "Continue Shopping",
                "next_state": "shopNoMusic"
            },
            {
                "type": "button",
                "text": "Leave",
                "next_state": "postCombatAdvance"
            }
        ]
    },
    "buyRope": {
        "text": "You select the sturdiest looking rope, all woven from different parts of the Chasm's innards.",
        "next_state": [
            {
                "type": "button",
                "text": "Continue Shopping",
                "next_state": "shopNoMusic"
            },
            {
                "type": "button",
                "text": "Leave",
                "next_state": "postCombatAdvance"
            }
        ]
    },
    "buyArmor": {
        "text": "The forged flesh reeks of death. It is, however, tougher than leather. It should do an adequate job of protecting your own flesh.",
        "next_state": [
            {
                "type": "button",
                "text": "Continue Shopping",
                "next_state": "shopNoMusic"
            },
            {
                "type": "button",
                "text": "Leave",
                "next_state": "postCombatAdvance"
            }
        ]
    },
    "buySword": {
        "text": "The sword is rusted and unbalanced, but its dullness has taken it to a point of brutal serration.",
        "next_state": [
            {
                "type": "button",
                "text": "Continue Shopping",
                "next_state": "shopNoMusic"
            },
            {
                "type": "button",
                "text": "Leave",
                "next_state": "postCombatAdvance"
            }
        ]
    },
    "buyMace": {
        "text": "The greatmace has obviously been used. Recently.\nBits of flesh are stuck to its spikes.",
        "next_state": [
            {
                "type": "button",
                "text": "Continue Shopping",
                "next_state": "shopNoMusic"
            },
            {
                "type": "button",
                "text": "Leave",
                "next_state": "postCombatAdvance"
            }
        ]
    },
    "buyZwei": {
        "text": "You heave the Mighty Zweihander from its pedestal. It's almost too heavy for you.",
        "next_state": [
            {
                "type": "button",
                "text": "Continue Shopping",
                "next_state": "shopNoMusic"
            },
            {
                "type": "button",
                "text": "Leave",
                "next_state": "postCombatAdvance"
            }
        ]
    },
    "vitality": {
        "text": "The Doomsayer slices a gash down their forearm. Oily blood begins to ooze freely from the wound.\nThey invite you to imbibe.",
        "next_state": [
            {
                "type": "button",
                "text": "Proceed",
                "next_state": "Advance",
                "input": "Y"
            }
        ]
    },
    "wealth": {
        "text": "The Doomsayer tosses you one of their necklaces of teeth. These are all made of silver.",
        "next_state": [
            {
                "type": "button",
                "text": "Proceed",
                "next_state": "Advance",
                "input": "Y"
            }
        ]
    },
    "power": {
        "text": "The Doomsayer whispers a forbidden incantation. The chamber quivers, and you absorb 5 points from the Chasm itself.",
        "next_state": [
            {
                "type": "button",
                "text": "Proceed",
                "next_state": "Advance",
                "input": "Y"
            }
        ]
    },
    "riddleCheck": {
        "text": "",
        "next_state": [
            {
                "type": "button",
                "text": "",
                "next_state": "",
                "input": "Y"
            }
        ]
    },
    "trap": {
        "text": "As bile begins to flow into the chamber, you attempt to leap to safety.",
        "next_state": [
            {
                "type": "button",
                "text": "REACT",
                "next_state": "trapCheck",
                "input": "Y"
            }
        ]
    },
    "fountain": {
        "text": "The fountain flows freely with the fluid of life, inviting you to imbibe.\nThe sillouhettes of faces lurk in the pool's reflection.\nYou imbibe greedily from the fountain.",
        "next_state": [
            {
                "type": "button",
                "text": "Continue",
                "next_state": "Advance",
                "input": "Y"
            }
        ]
    },
    "trapCheck": {
        "text": "",
        "next_state": [
            {
                "type": "button",
                "text": "",
                "next_state": "",
                "input": "Y"
            }
        ]
    },
    "postCombatAdvance": {
        "text": "The Chasm's innards split ahead. Which direction do you proceed?",
        "back_sound": "/sounds/bkground.mp3",
        "next_state": [
            {
                "type": "button",
                "text": "Ahead",
                "next_state": "GenerateRoom",
                "input": "N"
            },
            {
                "text": "Left",
                "next_state": "GenerateRoom",
                "input": "E"
            },
            {
                "text": "Right",
                "next_state": "GenerateRoom",
                "input": "W"
            }
        ]
    },
    "StartCombat": {
        "text": "Enemy approaches!",
        "back_sound": "/sounds/confrontation.mp3",
        "next_state": [
            {
                "text": "ENGAGE",
                "next_state": "CombatTurn",
                "input": "A"
            },
            {
                "text": "FLEE",
                "next_state": "FleeAttempt",
                "input": "F"
            }
        ]
    },
    "combat": {
        "text": "",
        "next_state": [
            {
                "text": "ENGAGE",
                "next_state": "CombatTurn",
                "input": "A"
            },
            {
                "text": "FLEE",
                "next_state": "FleeAttempt",
                "input": "F"
            }
        ]
    },
    "FleeAttempt": {
        "text": "",
        "fleeFail": "The enemy blocks your exit.",
        "fleeSuccess": "You successfully escape.",
        "next_state": ""
    },
    "AttackEnemy": {
        "text": "",
        "next_state": ""
    },
    "CombatTurn": {
        "text": "",
        "next_state": ""
    },
    "GameOver": {
        "text": "You have been slain. Your corpse will now become one with the Chasm.",
        "sound": "/sounds/gameover.mp3",
        "back_sound": "/sounds/silence.mp3",
        "ascii-art": "\n\n ▄████  ▄▄▄       ███▄ ▄███▓▓█████     ▒█████   ██▒   █▓▓█████  ██▀███  \n ██▒ ▀█▒▒████▄    ▓██▒▀█▀ ██▒▓█   ▀    ▒██▒  ██▒▓██░   █▒▓█   ▀ ▓██ ▒ ██▒\n▒██░▄▄▄░▒██  ▀█▄  ▓██    ▓██░▒███      ▒██░  ██▒ ▓██  █▒░▒███   ▓██ ░▄█ ▒\n░▓█  ██▓░██▄▄▄▄██ ▒██    ▒██ ▒▓█  ▄    ▒██   ██░  ▒██ █░░▒▓█  ▄ ▒██▀▀█▄  \n░▒▓███▀▒ ▓█   ▓██▒▒██▒   ░██▒░▒████▒   ░ ████▓▒░   ▒▀█░  ░▒████▒░██▓ ▒██▒\n░▒   ▒  ▒▒   ▓▒█░░ ▒░   ░  ░░░ ▒░ ░   ░ ▒░▒░▒░    ░ ▐░  ░░ ▒░ ░░ ▒▓ ░▒▓░\n░   ░   ▒   ▒▒ ░░  ░      ░ ░ ░  ░     ░ ▒ ▒░    ░ ░░   ░ ░  ░  ░▒ ░ ▒░\n░ ░   ░   ░   ▒   ░      ░      ░      ░ ░ ░ ▒       ░░     ░     ░░   ░ \n       ░       ░  ░       ░      ░  ░       ░ ░        ░     ░  ░   ░     \n                                                     ░                   \n",
        "next_state": [
            {
                "text": "Play Again",
                "next_state": "start",
                "input": "Y"
            }
        ]
    },
    "Victory": {
        "text": "",
        "back_sound": "/sounds/silence.mp3",
        "sound": "/sounds/victory.mp3",
        "next_state": [
            {
                "text": "Continue",
                "next_state": "postCombatAdvance",
                "input": "Y"
            }
        ]
    },
    "pools": {
        "rooms": [
            {
                "name": "Cavern",
                "description": "a damp and dark cavern of flesh, echoing with the sounds of dripping fluid."
            },
            {
                "name": "Corridor",
                "description": "a dry and brown corridor lined with yellowish polyps."
            },
            {
                "name": "Triangular",
                "description": "an unsettling, perfectly triangular room. The flesh here has calcified and crystallized."
            },
            {
                "name": "Gore Pit",
                "description": "a pit filled with congealed blood and twisted remains, where the air is thick with the stench of decay."
            },
            {
                "name": "Skeletal Antechamber",
                "description": "an antechamber adorned with shattered bones and desiccated remnants, its walls pulsating with a sickly glow."
            },
            {
                "name": "Chamber of Whispers",
                "description": "a chamber where the walls seem to breathe, whispering secrets in a chorus of unsettling, infantile murmurs."
            },
            {
                "name": "Fleshy Vault",
                "description": "a vault that pulsates in rhythm, its walls draped in soft, quivering tissue, giving the sensation of being watched."
            },
            {
                "name": "Vein Passage",
                "description": "a narrow passageway that resembles a vein, pulsing rhythmically, with a slick glistening surface underfoot."
            },
            {
                "name": "Bone Hall",
                "description": "a grand hall with jagged, bone-like structures forming grotesque arches. The walls are slick with dark, oozing fluids."
            },
            {
                "name": "Spore Chamber",
                "description": "a cavernous space filled with thick spores hanging in the air, coating everything in a layer of fungal growth."
            },
            {
                "name": "Digestive Chasm",
                "description": "a deep chasm filled with bubbling acid pools, where chunks of decaying flesh slowly dissolve in the corrosive mire."
            },
            {
                "name": "Sinew Tunnel",
                "description": "a tight, sinew-laden tunnel, its fibrous walls pulsating in a nauseating rhythm as if the place were alive."
            },
            {
                "name": "Organ Rotunda",
                "description": "a circular chamber where massive, throbbing organs hang from the ceiling, dripping bile into pools of thick fluid below."
            },
            {
                "name": "Tendon Bridge",
                "description": "a narrow bridge made of taut tendons, stretching precariously across a pit filled with rotting meat and bones."
            },
            {
                "name": "Womb Chamber",
                "description": "a disturbing, womb-like chamber, its fleshy walls twitching in response to movement, and a faint heartbeat reverberating through the air."
            },
            {
                "name": "Cyst Cavern",
                "description": "a cavern pocked with large, swollen cysts hanging from the ceiling, their translucent membranes pulsing with a sickly glow."
            },
            {
                "name": "Cartilage Maze",
                "description": "a maze of calcified cartilage, where each turn is marked by the snap and crack of brittle bones underfoot."
            },
            {
                "name": "Blistered Passage",
                "description": "a passage lined with engorged blisters, some bursting with a foul-smelling ichor as you pass."
            }
        ],
        "story": [
            {
                "text": "Placeholder 1"
            },
            {
                "text": "Placeholder 2"
            },
            {
                "text": "Placeholder 3"
            }
        ],
        "events": [
            {
                "name": "Nothing",
                "description": "The room is empty and quiet, naught for the dripping of mysterious fluids.",
                "type": "Advance"
            },
            {
                "name": "Stomach Chamber",
                "description": "It's too late when you discover that this room serves as some sort of stomach for the Chasm.",
                "type": "trap"
            },
            {
                "name": "Doomsayer",
                "description": "A figure adorned in teeth emerges from a sphincter in the wall.\n\"I know how the world will end. The Chasm is the key.\" the Doomsayer proclaims.\nWill you attempt to solve their riddle?",
                "type": "doomsayer"
            },
            {
                "name": "Monster",
                "description": "A Chasm-dweller draws near. Its grotesque form nearly makes you vomit.",
                "type": "StartCombat"
            },
            {
                "name": "Monster2",
                "description": "A creature emerges from the shadows. Its stench overwhelms your senses.",
                "type": "StartCombat"
            },
            {
                "name": "Monster3",
                "description": "A creature emerges from the shadows. Its stench overwhelms your senses.",
                "type": "StartCombat"
            },
            {
                "name": "Amniotic Fountain",
                "description": "In the center of the room a yellow-tinged fountain gushes with amniotic fluid.",
                "type": "fountain"
            }
        ],
        "fixedEvents": [
            {
                "name": "Merchant",
                "description": "You notice and follow the telltale scent of a Carrion Merchant.\nDraped in ragged furs and poorly tanned leather, they sift through decaying remains,\npulling out bone and innards with a practiced hand.\n\n\"Care to trade?\" they rasp, their voice like grinding bones. \"Fresh from the dead.\"",
                "type": "shop"
            }
        ],
        "weakEnemies": [
            {
                "name": "Blood-Drenched Skeleton",
                "description": "The shambling form of a once-person. Its skeletal frame is shiny with bright red viscera.",
                "points": 2,
                "attack": "D4",
                "modifier": 0,
                "health": 6,
                "maxHealth": 6
            },
            {
                "name": "Chasm Cultist",
                "description": "The cultist is draped in clothing stitched of flesh.\nThey whisper madly in a wet-sounding forbidden tongue, cursing your existence.",
                "points": 1,
                "attack": "D4",
                "modifier": 1,
                "health": 6,
                "maxHealth": 6
            },
            {
                "name": "Flesh Goblin",
                "description": "Meat brought to life. The Flesh Goblin hungers.",
                "points": 3,
                "attack": "D4",
                "modifier": 0,
                "health": 5,
                "maxHealth": 5
            },
            {
                "name": "Amorphous Shame",
                "description": "The creature's grey form warps and shifts before your perception.\nYet no matter what form it takes, it retains rows and rows of razor sharp teeth.",
                "points": 3,
                "attack": "D4",
                "modifier": 2,
                "health": 8,
                "maxHealth": 8
            }
        ],
        "toughEnemies": [
            {
                "name": "Crowmeat",
                "description": "Its tall and gaunt figure is wet with pink flesh and a malnourished humanoid frame.\nIts head is a poor facsimile of a raven, and iron blades extend from its wrists to its elbows.",
                "points": 3,
                "attack": "D6",
                "modifier": 1,
                "health": 16,
                "maxHealth": 16
            },
            {
                "name": "Macrobacterium",
                "description": "A slime of ginormous bacterium. The massive, acidic single-celled organism craves violence.",
                "points": 2,
                "attack": "D4",
                "modifier": 2,
                "health": 25,
                "maxHealth": 25
            },
            {
                "name": "Veinstalker",
                "description": "Who knows how long it has been following you? The hound-like creature made entirely of tendrils pounces towards you.",
                "points": 4,
                "attack": "D6",
                "modifier": 0,
                "health": 20,
                "maxHealth": 20
            },
            {
                "name": "Flesh Troll",
                "description": "A Flesh Goblin whose hunger has been sated. It has grown beyond its bounds, and now kills for pleasure rather than survival.",
                "points": 2,
                "attack": "D6",
                "modifier": 1,
                "health": 30,
                "maxHealth": 30
            }
        ],
        "bossEnemies": [
            {
                "name": "Corpse Basilisk",
                "description": "The Chasm itself yearns for your end. You face all who have been consumed.",
                "points": 2,
                "attack": "D6",
                "modifier": 4,
                "health": 50,
                "maxHealth": 50
            }
        ],
        "riddles": [
            {
                "name": "1",
                "text": "\"When the sky is swallowed by flesh and bone,\nWhat remains of light once known?\nWhen the Chasm breathes and stars decay,\nWhere will the living find their way?\""
            },
            {
                "name": "2",
                "text": "\"The mouth of the world opens wide,\nThrough it, the Heavens slide.\nWhat teeth gnash the souls of men,\nAnd when it's done, will it start again?\""
            },
            {
                "name": "3",
                "text": "\"The marrow of life is stripped to the core,\nThe Chasm craves but always more.\nWhat remains when all is fed,\nAnd who will count the countless dead?\""
            },
            {
                "name": "4",
                "text": "\"A pit with no bottom, no walls to see,\nA place where flesh and spirit flee.\nWho dares to look into its maw,\nAnd who will break the final law?\""
            },
            {
                "name": "5",
                "text": "\"The end begins with a single breath,\nFrom the Chasm's maw comes endless death.\nWhat stirs within the hollow tomb,\nAnd who will face their final doom?\""
            }
        ]
    },
    "items": {
        "Potion": {
            "name": "Potion",
            "description": "A small vial of healing liquid. Restores health by 5 points.",
            "effect": {
                "type": "heal",
                "value": 5
            }
        },
        "Rope": {
            "name": "Rope",
            "description": "A piece of rope used to aid in traps.",
            "effect": {
                "type": "escape"
            }
        },
        "Armor": {
            "Fleshmail": {
                "name": "Fleshmail",
                "roll": "D4"
            }
        },
        "Weapons": {
            "Beinrýtingur": {
                "name": "Beinrýtingur",
                "roll": "D4",
                "modifier": "1",
                "description": "A sharp dagger of bone ripped from the chasm."
            },
            "Crowblade": {
                "name": "Crowblade",
                "attack": "D6",
                "modifier": "0",
                "description": "The long talon that extends up the forearm of Crowmeat."
            },
            "Rust-Serrated Longsword": {
                "name": "Rust-Serrated Longsword",
                "attack": "D4",
                "modifier": "2"
            },
            "Líkkrossari": {
                "name": "Líkkrossari",
                "attack": "D6",
                "modifier": "1"
            },
            "Mighty Zweihander": {
                "name": "Mighty Zweihander",
                "attack": "D6",
                "modifier": "2"
            }
        }
    }
}